<?xml version="1.0" encoding="UTF-8"?>
<settings xmlns="http://maven.apache.org/SETTINGS/1.0.0"
  xmlns:xsi="http://www.w3.org/2001/XMLSchema-instance"
  xsi:schemaLocation="http://maven.apache.org/SETTINGS/1.0.0
                      http://maven.apache.org/xsd/settings-1.0.0.xsd">
  <localRepository>C:\Users\subramsr\.m2\repository1</localRepository>
  <interactiveMode>true</interactiveMode>
  <usePluginRegistry>false</usePluginRegistry>
  <offline>false</offline>
  <pluginGroups>
    <pluginGroup>org.mortbay.jetty</pluginGroup>
  </pluginGroups>
  <servers/>
  <mirrors>
  </mirrors>
  <proxies>
    <proxy>
      <id>myproxy</id>
      <active>true</active>
      <protocol>http</protocol>
      <host>CIS-Mumb-Pitc-SSOP.corporate.ge.com</host>
      <port>8080</port>
      <nonProxyHosts>*.ge.com|localhost</nonProxyHosts>
    </proxy>
  </proxies>
  <profiles/>
  <activeProfiles/>
</settings>
